job_id	config_path
d70_00__proposed_head_ablation__shadow_train__seed142	configs/acm_revision/generated/defense70/d70_00__proposed_head_ablation__shadow_train__seed142.yaml
d70_01__proposed_head_ablation__shadow_val__seed242	configs/acm_revision/generated/defense70/d70_01__proposed_head_ablation__shadow_val__seed242.yaml
d70_02__proposed_head_ablation__target__seed42	configs/acm_revision/generated/defense70/d70_02__proposed_head_ablation__target__seed42.yaml
d70_03__proposed_head_ablation__target__seed43	configs/acm_revision/generated/defense70/d70_03__proposed_head_ablation__target__seed43.yaml
d70_04__proposed_head_ablation__target__seed44	configs/acm_revision/generated/defense70/d70_04__proposed_head_ablation__target__seed44.yaml
d70_05__proposed_head_ablation__target__seed45	configs/acm_revision/generated/defense70/d70_05__proposed_head_ablation__target__seed45.yaml
d70_06__proposed_head_ablation__target__seed46	configs/acm_revision/generated/defense70/d70_06__proposed_head_ablation__target__seed46.yaml
d70_07__proposed_system_weak__shadow_train__seed142	configs/acm_revision/generated/defense70/d70_07__proposed_system_weak__shadow_train__seed142.yaml
d70_08__proposed_system_weak__shadow_val__seed242	configs/acm_revision/generated/defense70/d70_08__proposed_system_weak__shadow_val__seed242.yaml
d70_09__proposed_system_weak__target__seed42	configs/acm_revision/generated/defense70/d70_09__proposed_system_weak__target__seed42.yaml
d70_10__proposed_system_weak__target__seed43	configs/acm_revision/generated/defense70/d70_10__proposed_system_weak__target__seed43.yaml
d70_11__proposed_system_weak__target__seed44	configs/acm_revision/generated/defense70/d70_11__proposed_system_weak__target__seed44.yaml
d70_12__proposed_system_weak__target__seed45	configs/acm_revision/generated/defense70/d70_12__proposed_system_weak__target__seed45.yaml
d70_13__proposed_system_weak__target__seed46	configs/acm_revision/generated/defense70/d70_13__proposed_system_weak__target__seed46.yaml
d70_14__proposed_system_strong__shadow_train__seed142	configs/acm_revision/generated/defense70/d70_14__proposed_system_strong__shadow_train__seed142.yaml
d70_15__proposed_system_strong__shadow_val__seed242	configs/acm_revision/generated/defense70/d70_15__proposed_system_strong__shadow_val__seed242.yaml
d70_16__proposed_system_strong__target__seed42	configs/acm_revision/generated/defense70/d70_16__proposed_system_strong__target__seed42.yaml
d70_17__proposed_system_strong__target__seed43	configs/acm_revision/generated/defense70/d70_17__proposed_system_strong__target__seed43.yaml
d70_18__proposed_system_strong__target__seed44	configs/acm_revision/generated/defense70/d70_18__proposed_system_strong__target__seed44.yaml
d70_19__proposed_system_strong__target__seed45	configs/acm_revision/generated/defense70/d70_19__proposed_system_strong__target__seed45.yaml
d70_20__proposed_system_strong__target__seed46	configs/acm_revision/generated/defense70/d70_20__proposed_system_strong__target__seed46.yaml
d70_21__proposed_single_fullbasis__shadow_train__seed142	configs/acm_revision/generated/defense70/d70_21__proposed_single_fullbasis__shadow_train__seed142.yaml
d70_22__proposed_single_fullbasis__shadow_val__seed242	configs/acm_revision/generated/defense70/d70_22__proposed_single_fullbasis__shadow_val__seed242.yaml
d70_23__proposed_single_fullbasis__target__seed42	configs/acm_revision/generated/defense70/d70_23__proposed_single_fullbasis__target__seed42.yaml
d70_24__proposed_single_fullbasis__target__seed43	configs/acm_revision/generated/defense70/d70_24__proposed_single_fullbasis__target__seed43.yaml
d70_25__proposed_single_fullbasis__target__seed44	configs/acm_revision/generated/defense70/d70_25__proposed_single_fullbasis__target__seed44.yaml
d70_26__proposed_single_fullbasis__target__seed45	configs/acm_revision/generated/defense70/d70_26__proposed_single_fullbasis__target__seed45.yaml
d70_27__proposed_single_fullbasis__target__seed46	configs/acm_revision/generated/defense70/d70_27__proposed_single_fullbasis__target__seed46.yaml
d70_28__pca_weak__shadow_train__seed142	configs/acm_revision/generated/defense70/d70_28__pca_weak__shadow_train__seed142.yaml
d70_29__pca_weak__shadow_val__seed242	configs/acm_revision/generated/defense70/d70_29__pca_weak__shadow_val__seed242.yaml
d70_30__pca_weak__target__seed42	configs/acm_revision/generated/defense70/d70_30__pca_weak__target__seed42.yaml
d70_31__pca_weak__target__seed43	configs/acm_revision/generated/defense70/d70_31__pca_weak__target__seed43.yaml
d70_32__pca_weak__target__seed44	configs/acm_revision/generated/defense70/d70_32__pca_weak__target__seed44.yaml
d70_33__pca_weak__target__seed45	configs/acm_revision/generated/defense70/d70_33__pca_weak__target__seed45.yaml
d70_34__pca_weak__target__seed46	configs/acm_revision/generated/defense70/d70_34__pca_weak__target__seed46.yaml
d70_35__pca_strong__shadow_train__seed142	configs/acm_revision/generated/defense70/d70_35__pca_strong__shadow_train__seed142.yaml
d70_36__pca_strong__shadow_val__seed242	configs/acm_revision/generated/defense70/d70_36__pca_strong__shadow_val__seed242.yaml
d70_37__pca_strong__target__seed42	configs/acm_revision/generated/defense70/d70_37__pca_strong__target__seed42.yaml
d70_38__pca_strong__target__seed43	configs/acm_revision/generated/defense70/d70_38__pca_strong__target__seed43.yaml
d70_39__pca_strong__target__seed44	configs/acm_revision/generated/defense70/d70_39__pca_strong__target__seed44.yaml
d70_40__pca_strong__target__seed45	configs/acm_revision/generated/defense70/d70_40__pca_strong__target__seed45.yaml
d70_41__pca_strong__target__seed46	configs/acm_revision/generated/defense70/d70_41__pca_strong__target__seed46.yaml
d70_42__random_weak__shadow_train__seed142	configs/acm_revision/generated/defense70/d70_42__random_weak__shadow_train__seed142.yaml
d70_43__random_weak__shadow_val__seed242	configs/acm_revision/generated/defense70/d70_43__random_weak__shadow_val__seed242.yaml
d70_44__random_weak__target__seed42	configs/acm_revision/generated/defense70/d70_44__random_weak__target__seed42.yaml
d70_45__random_weak__target__seed43	configs/acm_revision/generated/defense70/d70_45__random_weak__target__seed43.yaml
d70_46__random_weak__target__seed44	configs/acm_revision/generated/defense70/d70_46__random_weak__target__seed44.yaml
d70_47__random_weak__target__seed45	configs/acm_revision/generated/defense70/d70_47__random_weak__target__seed45.yaml
d70_48__random_weak__target__seed46	configs/acm_revision/generated/defense70/d70_48__random_weak__target__seed46.yaml
d70_49__random_strong__shadow_train__seed142	configs/acm_revision/generated/defense70/d70_49__random_strong__shadow_train__seed142.yaml
d70_50__random_strong__shadow_val__seed242	configs/acm_revision/generated/defense70/d70_50__random_strong__shadow_val__seed242.yaml
d70_51__random_strong__target__seed42	configs/acm_revision/generated/defense70/d70_51__random_strong__target__seed42.yaml
d70_52__random_strong__target__seed43	configs/acm_revision/generated/defense70/d70_52__random_strong__target__seed43.yaml
d70_53__random_strong__target__seed44	configs/acm_revision/generated/defense70/d70_53__random_strong__target__seed44.yaml
d70_54__random_strong__target__seed45	configs/acm_revision/generated/defense70/d70_54__random_strong__target__seed45.yaml
d70_55__random_strong__target__seed46	configs/acm_revision/generated/defense70/d70_55__random_strong__target__seed46.yaml
d70_56__clipgauss_weak__shadow_train__seed142	configs/acm_revision/generated/defense70/d70_56__clipgauss_weak__shadow_train__seed142.yaml
d70_57__clipgauss_weak__shadow_val__seed242	configs/acm_revision/generated/defense70/d70_57__clipgauss_weak__shadow_val__seed242.yaml
d70_58__clipgauss_weak__target__seed42	configs/acm_revision/generated/defense70/d70_58__clipgauss_weak__target__seed42.yaml
d70_59__clipgauss_weak__target__seed43	configs/acm_revision/generated/defense70/d70_59__clipgauss_weak__target__seed43.yaml
d70_60__clipgauss_weak__target__seed44	configs/acm_revision/generated/defense70/d70_60__clipgauss_weak__target__seed44.yaml
d70_61__clipgauss_weak__target__seed45	configs/acm_revision/generated/defense70/d70_61__clipgauss_weak__target__seed45.yaml
d70_62__clipgauss_weak__target__seed46	configs/acm_revision/generated/defense70/d70_62__clipgauss_weak__target__seed46.yaml
d70_63__clipgauss_strong__shadow_train__seed142	configs/acm_revision/generated/defense70/d70_63__clipgauss_strong__shadow_train__seed142.yaml
d70_64__clipgauss_strong__shadow_val__seed242	configs/acm_revision/generated/defense70/d70_64__clipgauss_strong__shadow_val__seed242.yaml
d70_65__clipgauss_strong__target__seed42	configs/acm_revision/generated/defense70/d70_65__clipgauss_strong__target__seed42.yaml
d70_66__clipgauss_strong__target__seed43	configs/acm_revision/generated/defense70/d70_66__clipgauss_strong__target__seed43.yaml
d70_67__clipgauss_strong__target__seed44	configs/acm_revision/generated/defense70/d70_67__clipgauss_strong__target__seed44.yaml
d70_68__clipgauss_strong__target__seed45	configs/acm_revision/generated/defense70/d70_68__clipgauss_strong__target__seed45.yaml
d70_69__clipgauss_strong__target__seed46	configs/acm_revision/generated/defense70/d70_69__clipgauss_strong__target__seed46.yaml
