job_id,profile,config_path,output_root,dataset,seed,population,setting_name,concentration,architecture,num_clients,samples_per_client,participation_rate,aggregation,optimizer,local_epochs,batch_size,fusion_style,fusion_stage,missing_mode,defense,defense_group,defense_rank,defense_alpha
E1_task_performance_hateful_000000,E1_task_performance_hateful,configs/acm_revision/generated/E1_task_performance_hateful/E1_task_performance_hateful_000000.yaml,results/acm_revision/E1_task_performance_hateful/E1_task_performance_hateful_000000,hateful_memes,42,target,image_only,0.5,clip_dual,20,100,1.0,fedavg,adamw,1,32,concat_product_absdiff,early,learned,none,classifier_head,,
E1_task_performance_hateful_000001,E1_task_performance_hateful,configs/acm_revision/generated/E1_task_performance_hateful/E1_task_performance_hateful_000001.yaml,results/acm_revision/E1_task_performance_hateful/E1_task_performance_hateful_000001,hateful_memes,42,target,image_only,0.6,clip_dual,20,100,1.0,fedavg,adamw,1,32,concat_product_absdiff,early,learned,none,classifier_head,,
E1_task_performance_hateful_000002,E1_task_performance_hateful,configs/acm_revision/generated/E1_task_performance_hateful/E1_task_performance_hateful_000002.yaml,results/acm_revision/E1_task_performance_hateful/E1_task_performance_hateful_000002,hateful_memes,42,target,image_only,0.7,clip_dual,20,100,1.0,fedavg,adamw,1,32,concat_product_absdiff,early,learned,none,classifier_head,,
E1_task_performance_hateful_000003,E1_task_performance_hateful,configs/acm_revision/generated/E1_task_performance_hateful/E1_task_performance_hateful_000003.yaml,results/acm_revision/E1_task_performance_hateful/E1_task_performance_hateful_000003,hateful_memes,42,target,image_only,0.8,clip_dual,20,100,1.0,fedavg,adamw,1,32,concat_product_absdiff,early,learned,none,classifier_head,,
E1_task_performance_hateful_000004,E1_task_performance_hateful,configs/acm_revision/generated/E1_task_performance_hateful/E1_task_performance_hateful_000004.yaml,results/acm_revision/E1_task_performance_hateful/E1_task_performance_hateful_000004,hateful_memes,42,target,image_only,0.9,clip_dual,20,100,1.0,fedavg,adamw,1,32,concat_product_absdiff,early,learned,none,classifier_head,,
E1_task_performance_hateful_000005,E1_task_performance_hateful,configs/acm_revision/generated/E1_task_performance_hateful/E1_task_performance_hateful_000005.yaml,results/acm_revision/E1_task_performance_hateful/E1_task_performance_hateful_000005,hateful_memes,42,target,text_only,0.5,clip_dual,20,100,1.0,fedavg,adamw,1,32,concat_product_absdiff,early,learned,none,classifier_head,,
E1_task_performance_hateful_000006,E1_task_performance_hateful,configs/acm_revision/generated/E1_task_performance_hateful/E1_task_performance_hateful_000006.yaml,results/acm_revision/E1_task_performance_hateful/E1_task_performance_hateful_000006,hateful_memes,42,target,text_only,0.6,clip_dual,20,100,1.0,fedavg,adamw,1,32,concat_product_absdiff,early,learned,none,classifier_head,,
E1_task_performance_hateful_000007,E1_task_performance_hateful,configs/acm_revision/generated/E1_task_performance_hateful/E1_task_performance_hateful_000007.yaml,results/acm_revision/E1_task_performance_hateful/E1_task_performance_hateful_000007,hateful_memes,42,target,text_only,0.7,clip_dual,20,100,1.0,fedavg,adamw,1,32,concat_product_absdiff,early,learned,none,classifier_head,,
E1_task_performance_hateful_000008,E1_task_performance_hateful,configs/acm_revision/generated/E1_task_performance_hateful/E1_task_performance_hateful_000008.yaml,results/acm_revision/E1_task_performance_hateful/E1_task_performance_hateful_000008,hateful_memes,42,target,text_only,0.8,clip_dual,20,100,1.0,fedavg,adamw,1,32,concat_product_absdiff,early,learned,none,classifier_head,,
E1_task_performance_hateful_000009,E1_task_performance_hateful,configs/acm_revision/generated/E1_task_performance_hateful/E1_task_performance_hateful_000009.yaml,results/acm_revision/E1_task_performance_hateful/E1_task_performance_hateful_000009,hateful_memes,42,target,text_only,0.9,clip_dual,20,100,1.0,fedavg,adamw,1,32,concat_product_absdiff,early,learned,none,classifier_head,,
E1_task_performance_hateful_000010,E1_task_performance_hateful,configs/acm_revision/generated/E1_task_performance_hateful/E1_task_performance_hateful_000010.yaml,results/acm_revision/E1_task_performance_hateful/E1_task_performance_hateful_000010,hateful_memes,42,target,modality_exclusive,0.5,clip_dual,20,100,1.0,fedavg,adamw,1,32,concat_product_absdiff,early,learned,none,classifier_head,,
E1_task_performance_hateful_000011,E1_task_performance_hateful,configs/acm_revision/generated/E1_task_performance_hateful/E1_task_performance_hateful_000011.yaml,results/acm_revision/E1_task_performance_hateful/E1_task_performance_hateful_000011,hateful_memes,42,target,modality_exclusive,0.6,clip_dual,20,100,1.0,fedavg,adamw,1,32,concat_product_absdiff,early,learned,none,classifier_head,,
E1_task_performance_hateful_000012,E1_task_performance_hateful,configs/acm_revision/generated/E1_task_performance_hateful/E1_task_performance_hateful_000012.yaml,results/acm_revision/E1_task_performance_hateful/E1_task_performance_hateful_000012,hateful_memes,42,target,modality_exclusive,0.7,clip_dual,20,100,1.0,fedavg,adamw,1,32,concat_product_absdiff,early,learned,none,classifier_head,,
E1_task_performance_hateful_000013,E1_task_performance_hateful,configs/acm_revision/generated/E1_task_performance_hateful/E1_task_performance_hateful_000013.yaml,results/acm_revision/E1_task_performance_hateful/E1_task_performance_hateful_000013,hateful_memes,42,target,modality_exclusive,0.8,clip_dual,20,100,1.0,fedavg,adamw,1,32,concat_product_absdiff,early,learned,none,classifier_head,,
E1_task_performance_hateful_000014,E1_task_performance_hateful,configs/acm_revision/generated/E1_task_performance_hateful/E1_task_performance_hateful_000014.yaml,results/acm_revision/E1_task_performance_hateful/E1_task_performance_hateful_000014,hateful_memes,42,target,modality_exclusive,0.9,clip_dual,20,100,1.0,fedavg,adamw,1,32,concat_product_absdiff,early,learned,none,classifier_head,,
E1_task_performance_hateful_000015,E1_task_performance_hateful,configs/acm_revision/generated/E1_task_performance_hateful/E1_task_performance_hateful_000015.yaml,results/acm_revision/E1_task_performance_hateful/E1_task_performance_hateful_000015,hateful_memes,42,target,full_multimodal,0.5,clip_dual,20,100,1.0,fedavg,adamw,1,32,concat_product_absdiff,early,learned,none,classifier_head,,
E1_task_performance_hateful_000016,E1_task_performance_hateful,configs/acm_revision/generated/E1_task_performance_hateful/E1_task_performance_hateful_000016.yaml,results/acm_revision/E1_task_performance_hateful/E1_task_performance_hateful_000016,hateful_memes,42,target,full_multimodal,0.6,clip_dual,20,100,1.0,fedavg,adamw,1,32,concat_product_absdiff,early,learned,none,classifier_head,,
E1_task_performance_hateful_000017,E1_task_performance_hateful,configs/acm_revision/generated/E1_task_performance_hateful/E1_task_performance_hateful_000017.yaml,results/acm_revision/E1_task_performance_hateful/E1_task_performance_hateful_000017,hateful_memes,42,target,full_multimodal,0.7,clip_dual,20,100,1.0,fedavg,adamw,1,32,concat_product_absdiff,early,learned,none,classifier_head,,
E1_task_performance_hateful_000018,E1_task_performance_hateful,configs/acm_revision/generated/E1_task_performance_hateful/E1_task_performance_hateful_000018.yaml,results/acm_revision/E1_task_performance_hateful/E1_task_performance_hateful_000018,hateful_memes,42,target,full_multimodal,0.8,clip_dual,20,100,1.0,fedavg,adamw,1,32,concat_product_absdiff,early,learned,none,classifier_head,,
E1_task_performance_hateful_000019,E1_task_performance_hateful,configs/acm_revision/generated/E1_task_performance_hateful/E1_task_performance_hateful_000019.yaml,results/acm_revision/E1_task_performance_hateful/E1_task_performance_hateful_000019,hateful_memes,42,target,full_multimodal,0.9,clip_dual,20,100,1.0,fedavg,adamw,1,32,concat_product_absdiff,early,learned,none,classifier_head,,
E1_task_performance_hateful_000020,E1_task_performance_hateful,configs/acm_revision/generated/E1_task_performance_hateful/E1_task_performance_hateful_000020.yaml,results/acm_revision/E1_task_performance_hateful/E1_task_performance_hateful_000020,hateful_memes,43,target,image_only,0.5,clip_dual,20,100,1.0,fedavg,adamw,1,32,concat_product_absdiff,early,learned,none,classifier_head,,
E1_task_performance_hateful_000021,E1_task_performance_hateful,configs/acm_revision/generated/E1_task_performance_hateful/E1_task_performance_hateful_000021.yaml,results/acm_revision/E1_task_performance_hateful/E1_task_performance_hateful_000021,hateful_memes,43,target,image_only,0.6,clip_dual,20,100,1.0,fedavg,adamw,1,32,concat_product_absdiff,early,learned,none,classifier_head,,
E1_task_performance_hateful_000022,E1_task_performance_hateful,configs/acm_revision/generated/E1_task_performance_hateful/E1_task_performance_hateful_000022.yaml,results/acm_revision/E1_task_performance_hateful/E1_task_performance_hateful_000022,hateful_memes,43,target,image_only,0.7,clip_dual,20,100,1.0,fedavg,adamw,1,32,concat_product_absdiff,early,learned,none,classifier_head,,
E1_task_performance_hateful_000023,E1_task_performance_hateful,configs/acm_revision/generated/E1_task_performance_hateful/E1_task_performance_hateful_000023.yaml,results/acm_revision/E1_task_performance_hateful/E1_task_performance_hateful_000023,hateful_memes,43,target,image_only,0.8,clip_dual,20,100,1.0,fedavg,adamw,1,32,concat_product_absdiff,early,learned,none,classifier_head,,
E1_task_performance_hateful_000024,E1_task_performance_hateful,configs/acm_revision/generated/E1_task_performance_hateful/E1_task_performance_hateful_000024.yaml,results/acm_revision/E1_task_performance_hateful/E1_task_performance_hateful_000024,hateful_memes,43,target,image_only,0.9,clip_dual,20,100,1.0,fedavg,adamw,1,32,concat_product_absdiff,early,learned,none,classifier_head,,
E1_task_performance_hateful_000025,E1_task_performance_hateful,configs/acm_revision/generated/E1_task_performance_hateful/E1_task_performance_hateful_000025.yaml,results/acm_revision/E1_task_performance_hateful/E1_task_performance_hateful_000025,hateful_memes,43,target,text_only,0.5,clip_dual,20,100,1.0,fedavg,adamw,1,32,concat_product_absdiff,early,learned,none,classifier_head,,
E1_task_performance_hateful_000026,E1_task_performance_hateful,configs/acm_revision/generated/E1_task_performance_hateful/E1_task_performance_hateful_000026.yaml,results/acm_revision/E1_task_performance_hateful/E1_task_performance_hateful_000026,hateful_memes,43,target,text_only,0.6,clip_dual,20,100,1.0,fedavg,adamw,1,32,concat_product_absdiff,early,learned,none,classifier_head,,
E1_task_performance_hateful_000027,E1_task_performance_hateful,configs/acm_revision/generated/E1_task_performance_hateful/E1_task_performance_hateful_000027.yaml,results/acm_revision/E1_task_performance_hateful/E1_task_performance_hateful_000027,hateful_memes,43,target,text_only,0.7,clip_dual,20,100,1.0,fedavg,adamw,1,32,concat_product_absdiff,early,learned,none,classifier_head,,
E1_task_performance_hateful_000028,E1_task_performance_hateful,configs/acm_revision/generated/E1_task_performance_hateful/E1_task_performance_hateful_000028.yaml,results/acm_revision/E1_task_performance_hateful/E1_task_performance_hateful_000028,hateful_memes,43,target,text_only,0.8,clip_dual,20,100,1.0,fedavg,adamw,1,32,concat_product_absdiff,early,learned,none,classifier_head,,
E1_task_performance_hateful_000029,E1_task_performance_hateful,configs/acm_revision/generated/E1_task_performance_hateful/E1_task_performance_hateful_000029.yaml,results/acm_revision/E1_task_performance_hateful/E1_task_performance_hateful_000029,hateful_memes,43,target,text_only,0.9,clip_dual,20,100,1.0,fedavg,adamw,1,32,concat_product_absdiff,early,learned,none,classifier_head,,
E1_task_performance_hateful_000030,E1_task_performance_hateful,configs/acm_revision/generated/E1_task_performance_hateful/E1_task_performance_hateful_000030.yaml,results/acm_revision/E1_task_performance_hateful/E1_task_performance_hateful_000030,hateful_memes,43,target,modality_exclusive,0.5,clip_dual,20,100,1.0,fedavg,adamw,1,32,concat_product_absdiff,early,learned,none,classifier_head,,
E1_task_performance_hateful_000031,E1_task_performance_hateful,configs/acm_revision/generated/E1_task_performance_hateful/E1_task_performance_hateful_000031.yaml,results/acm_revision/E1_task_performance_hateful/E1_task_performance_hateful_000031,hateful_memes,43,target,modality_exclusive,0.6,clip_dual,20,100,1.0,fedavg,adamw,1,32,concat_product_absdiff,early,learned,none,classifier_head,,
E1_task_performance_hateful_000032,E1_task_performance_hateful,configs/acm_revision/generated/E1_task_performance_hateful/E1_task_performance_hateful_000032.yaml,results/acm_revision/E1_task_performance_hateful/E1_task_performance_hateful_000032,hateful_memes,43,target,modality_exclusive,0.7,clip_dual,20,100,1.0,fedavg,adamw,1,32,concat_product_absdiff,early,learned,none,classifier_head,,
E1_task_performance_hateful_000033,E1_task_performance_hateful,configs/acm_revision/generated/E1_task_performance_hateful/E1_task_performance_hateful_000033.yaml,results/acm_revision/E1_task_performance_hateful/E1_task_performance_hateful_000033,hateful_memes,43,target,modality_exclusive,0.8,clip_dual,20,100,1.0,fedavg,adamw,1,32,concat_product_absdiff,early,learned,none,classifier_head,,
E1_task_performance_hateful_000034,E1_task_performance_hateful,configs/acm_revision/generated/E1_task_performance_hateful/E1_task_performance_hateful_000034.yaml,results/acm_revision/E1_task_performance_hateful/E1_task_performance_hateful_000034,hateful_memes,43,target,modality_exclusive,0.9,clip_dual,20,100,1.0,fedavg,adamw,1,32,concat_product_absdiff,early,learned,none,classifier_head,,
E1_task_performance_hateful_000035,E1_task_performance_hateful,configs/acm_revision/generated/E1_task_performance_hateful/E1_task_performance_hateful_000035.yaml,results/acm_revision/E1_task_performance_hateful/E1_task_performance_hateful_000035,hateful_memes,43,target,full_multimodal,0.5,clip_dual,20,100,1.0,fedavg,adamw,1,32,concat_product_absdiff,early,learned,none,classifier_head,,
E1_task_performance_hateful_000036,E1_task_performance_hateful,configs/acm_revision/generated/E1_task_performance_hateful/E1_task_performance_hateful_000036.yaml,results/acm_revision/E1_task_performance_hateful/E1_task_performance_hateful_000036,hateful_memes,43,target,full_multimodal,0.6,clip_dual,20,100,1.0,fedavg,adamw,1,32,concat_product_absdiff,early,learned,none,classifier_head,,
E1_task_performance_hateful_000037,E1_task_performance_hateful,configs/acm_revision/generated/E1_task_performance_hateful/E1_task_performance_hateful_000037.yaml,results/acm_revision/E1_task_performance_hateful/E1_task_performance_hateful_000037,hateful_memes,43,target,full_multimodal,0.7,clip_dual,20,100,1.0,fedavg,adamw,1,32,concat_product_absdiff,early,learned,none,classifier_head,,
E1_task_performance_hateful_000038,E1_task_performance_hateful,configs/acm_revision/generated/E1_task_performance_hateful/E1_task_performance_hateful_000038.yaml,results/acm_revision/E1_task_performance_hateful/E1_task_performance_hateful_000038,hateful_memes,43,target,full_multimodal,0.8,clip_dual,20,100,1.0,fedavg,adamw,1,32,concat_product_absdiff,early,learned,none,classifier_head,,
E1_task_performance_hateful_000039,E1_task_performance_hateful,configs/acm_revision/generated/E1_task_performance_hateful/E1_task_performance_hateful_000039.yaml,results/acm_revision/E1_task_performance_hateful/E1_task_performance_hateful_000039,hateful_memes,43,target,full_multimodal,0.9,clip_dual,20,100,1.0,fedavg,adamw,1,32,concat_product_absdiff,early,learned,none,classifier_head,,
E1_task_performance_hateful_000040,E1_task_performance_hateful,configs/acm_revision/generated/E1_task_performance_hateful/E1_task_performance_hateful_000040.yaml,results/acm_revision/E1_task_performance_hateful/E1_task_performance_hateful_000040,hateful_memes,44,target,image_only,0.5,clip_dual,20,100,1.0,fedavg,adamw,1,32,concat_product_absdiff,early,learned,none,classifier_head,,
E1_task_performance_hateful_000041,E1_task_performance_hateful,configs/acm_revision/generated/E1_task_performance_hateful/E1_task_performance_hateful_000041.yaml,results/acm_revision/E1_task_performance_hateful/E1_task_performance_hateful_000041,hateful_memes,44,target,image_only,0.6,clip_dual,20,100,1.0,fedavg,adamw,1,32,concat_product_absdiff,early,learned,none,classifier_head,,
E1_task_performance_hateful_000042,E1_task_performance_hateful,configs/acm_revision/generated/E1_task_performance_hateful/E1_task_performance_hateful_000042.yaml,results/acm_revision/E1_task_performance_hateful/E1_task_performance_hateful_000042,hateful_memes,44,target,image_only,0.7,clip_dual,20,100,1.0,fedavg,adamw,1,32,concat_product_absdiff,early,learned,none,classifier_head,,
E1_task_performance_hateful_000043,E1_task_performance_hateful,configs/acm_revision/generated/E1_task_performance_hateful/E1_task_performance_hateful_000043.yaml,results/acm_revision/E1_task_performance_hateful/E1_task_performance_hateful_000043,hateful_memes,44,target,image_only,0.8,clip_dual,20,100,1.0,fedavg,adamw,1,32,concat_product_absdiff,early,learned,none,classifier_head,,
E1_task_performance_hateful_000044,E1_task_performance_hateful,configs/acm_revision/generated/E1_task_performance_hateful/E1_task_performance_hateful_000044.yaml,results/acm_revision/E1_task_performance_hateful/E1_task_performance_hateful_000044,hateful_memes,44,target,image_only,0.9,clip_dual,20,100,1.0,fedavg,adamw,1,32,concat_product_absdiff,early,learned,none,classifier_head,,
E1_task_performance_hateful_000045,E1_task_performance_hateful,configs/acm_revision/generated/E1_task_performance_hateful/E1_task_performance_hateful_000045.yaml,results/acm_revision/E1_task_performance_hateful/E1_task_performance_hateful_000045,hateful_memes,44,target,text_only,0.5,clip_dual,20,100,1.0,fedavg,adamw,1,32,concat_product_absdiff,early,learned,none,classifier_head,,
E1_task_performance_hateful_000046,E1_task_performance_hateful,configs/acm_revision/generated/E1_task_performance_hateful/E1_task_performance_hateful_000046.yaml,results/acm_revision/E1_task_performance_hateful/E1_task_performance_hateful_000046,hateful_memes,44,target,text_only,0.6,clip_dual,20,100,1.0,fedavg,adamw,1,32,concat_product_absdiff,early,learned,none,classifier_head,,
E1_task_performance_hateful_000047,E1_task_performance_hateful,configs/acm_revision/generated/E1_task_performance_hateful/E1_task_performance_hateful_000047.yaml,results/acm_revision/E1_task_performance_hateful/E1_task_performance_hateful_000047,hateful_memes,44,target,text_only,0.7,clip_dual,20,100,1.0,fedavg,adamw,1,32,concat_product_absdiff,early,learned,none,classifier_head,,
E1_task_performance_hateful_000048,E1_task_performance_hateful,configs/acm_revision/generated/E1_task_performance_hateful/E1_task_performance_hateful_000048.yaml,results/acm_revision/E1_task_performance_hateful/E1_task_performance_hateful_000048,hateful_memes,44,target,text_only,0.8,clip_dual,20,100,1.0,fedavg,adamw,1,32,concat_product_absdiff,early,learned,none,classifier_head,,
E1_task_performance_hateful_000049,E1_task_performance_hateful,configs/acm_revision/generated/E1_task_performance_hateful/E1_task_performance_hateful_000049.yaml,results/acm_revision/E1_task_performance_hateful/E1_task_performance_hateful_000049,hateful_memes,44,target,text_only,0.9,clip_dual,20,100,1.0,fedavg,adamw,1,32,concat_product_absdiff,early,learned,none,classifier_head,,
E1_task_performance_hateful_000050,E1_task_performance_hateful,configs/acm_revision/generated/E1_task_performance_hateful/E1_task_performance_hateful_000050.yaml,results/acm_revision/E1_task_performance_hateful/E1_task_performance_hateful_000050,hateful_memes,44,target,modality_exclusive,0.5,clip_dual,20,100,1.0,fedavg,adamw,1,32,concat_product_absdiff,early,learned,none,classifier_head,,
E1_task_performance_hateful_000051,E1_task_performance_hateful,configs/acm_revision/generated/E1_task_performance_hateful/E1_task_performance_hateful_000051.yaml,results/acm_revision/E1_task_performance_hateful/E1_task_performance_hateful_000051,hateful_memes,44,target,modality_exclusive,0.6,clip_dual,20,100,1.0,fedavg,adamw,1,32,concat_product_absdiff,early,learned,none,classifier_head,,
E1_task_performance_hateful_000052,E1_task_performance_hateful,configs/acm_revision/generated/E1_task_performance_hateful/E1_task_performance_hateful_000052.yaml,results/acm_revision/E1_task_performance_hateful/E1_task_performance_hateful_000052,hateful_memes,44,target,modality_exclusive,0.7,clip_dual,20,100,1.0,fedavg,adamw,1,32,concat_product_absdiff,early,learned,none,classifier_head,,
E1_task_performance_hateful_000053,E1_task_performance_hateful,configs/acm_revision/generated/E1_task_performance_hateful/E1_task_performance_hateful_000053.yaml,results/acm_revision/E1_task_performance_hateful/E1_task_performance_hateful_000053,hateful_memes,44,target,modality_exclusive,0.8,clip_dual,20,100,1.0,fedavg,adamw,1,32,concat_product_absdiff,early,learned,none,classifier_head,,
E1_task_performance_hateful_000054,E1_task_performance_hateful,configs/acm_revision/generated/E1_task_performance_hateful/E1_task_performance_hateful_000054.yaml,results/acm_revision/E1_task_performance_hateful/E1_task_performance_hateful_000054,hateful_memes,44,target,modality_exclusive,0.9,clip_dual,20,100,1.0,fedavg,adamw,1,32,concat_product_absdiff,early,learned,none,classifier_head,,
E1_task_performance_hateful_000055,E1_task_performance_hateful,configs/acm_revision/generated/E1_task_performance_hateful/E1_task_performance_hateful_000055.yaml,results/acm_revision/E1_task_performance_hateful/E1_task_performance_hateful_000055,hateful_memes,44,target,full_multimodal,0.5,clip_dual,20,100,1.0,fedavg,adamw,1,32,concat_product_absdiff,early,learned,none,classifier_head,,
E1_task_performance_hateful_000056,E1_task_performance_hateful,configs/acm_revision/generated/E1_task_performance_hateful/E1_task_performance_hateful_000056.yaml,results/acm_revision/E1_task_performance_hateful/E1_task_performance_hateful_000056,hateful_memes,44,target,full_multimodal,0.6,clip_dual,20,100,1.0,fedavg,adamw,1,32,concat_product_absdiff,early,learned,none,classifier_head,,
E1_task_performance_hateful_000057,E1_task_performance_hateful,configs/acm_revision/generated/E1_task_performance_hateful/E1_task_performance_hateful_000057.yaml,results/acm_revision/E1_task_performance_hateful/E1_task_performance_hateful_000057,hateful_memes,44,target,full_multimodal,0.7,clip_dual,20,100,1.0,fedavg,adamw,1,32,concat_product_absdiff,early,learned,none,classifier_head,,
E1_task_performance_hateful_000058,E1_task_performance_hateful,configs/acm_revision/generated/E1_task_performance_hateful/E1_task_performance_hateful_000058.yaml,results/acm_revision/E1_task_performance_hateful/E1_task_performance_hateful_000058,hateful_memes,44,target,full_multimodal,0.8,clip_dual,20,100,1.0,fedavg,adamw,1,32,concat_product_absdiff,early,learned,none,classifier_head,,
E1_task_performance_hateful_000059,E1_task_performance_hateful,configs/acm_revision/generated/E1_task_performance_hateful/E1_task_performance_hateful_000059.yaml,results/acm_revision/E1_task_performance_hateful/E1_task_performance_hateful_000059,hateful_memes,44,target,full_multimodal,0.9,clip_dual,20,100,1.0,fedavg,adamw,1,32,concat_product_absdiff,early,learned,none,classifier_head,,
E1_task_performance_hateful_000060,E1_task_performance_hateful,configs/acm_revision/generated/E1_task_performance_hateful/E1_task_performance_hateful_000060.yaml,results/acm_revision/E1_task_performance_hateful/E1_task_performance_hateful_000060,hateful_memes,45,target,image_only,0.5,clip_dual,20,100,1.0,fedavg,adamw,1,32,concat_product_absdiff,early,learned,none,classifier_head,,
E1_task_performance_hateful_000061,E1_task_performance_hateful,configs/acm_revision/generated/E1_task_performance_hateful/E1_task_performance_hateful_000061.yaml,results/acm_revision/E1_task_performance_hateful/E1_task_performance_hateful_000061,hateful_memes,45,target,image_only,0.6,clip_dual,20,100,1.0,fedavg,adamw,1,32,concat_product_absdiff,early,learned,none,classifier_head,,
E1_task_performance_hateful_000062,E1_task_performance_hateful,configs/acm_revision/generated/E1_task_performance_hateful/E1_task_performance_hateful_000062.yaml,results/acm_revision/E1_task_performance_hateful/E1_task_performance_hateful_000062,hateful_memes,45,target,image_only,0.7,clip_dual,20,100,1.0,fedavg,adamw,1,32,concat_product_absdiff,early,learned,none,classifier_head,,
E1_task_performance_hateful_000063,E1_task_performance_hateful,configs/acm_revision/generated/E1_task_performance_hateful/E1_task_performance_hateful_000063.yaml,results/acm_revision/E1_task_performance_hateful/E1_task_performance_hateful_000063,hateful_memes,45,target,image_only,0.8,clip_dual,20,100,1.0,fedavg,adamw,1,32,concat_product_absdiff,early,learned,none,classifier_head,,
E1_task_performance_hateful_000064,E1_task_performance_hateful,configs/acm_revision/generated/E1_task_performance_hateful/E1_task_performance_hateful_000064.yaml,results/acm_revision/E1_task_performance_hateful/E1_task_performance_hateful_000064,hateful_memes,45,target,image_only,0.9,clip_dual,20,100,1.0,fedavg,adamw,1,32,concat_product_absdiff,early,learned,none,classifier_head,,
E1_task_performance_hateful_000065,E1_task_performance_hateful,configs/acm_revision/generated/E1_task_performance_hateful/E1_task_performance_hateful_000065.yaml,results/acm_revision/E1_task_performance_hateful/E1_task_performance_hateful_000065,hateful_memes,45,target,text_only,0.5,clip_dual,20,100,1.0,fedavg,adamw,1,32,concat_product_absdiff,early,learned,none,classifier_head,,
E1_task_performance_hateful_000066,E1_task_performance_hateful,configs/acm_revision/generated/E1_task_performance_hateful/E1_task_performance_hateful_000066.yaml,results/acm_revision/E1_task_performance_hateful/E1_task_performance_hateful_000066,hateful_memes,45,target,text_only,0.6,clip_dual,20,100,1.0,fedavg,adamw,1,32,concat_product_absdiff,early,learned,none,classifier_head,,
E1_task_performance_hateful_000067,E1_task_performance_hateful,configs/acm_revision/generated/E1_task_performance_hateful/E1_task_performance_hateful_000067.yaml,results/acm_revision/E1_task_performance_hateful/E1_task_performance_hateful_000067,hateful_memes,45,target,text_only,0.7,clip_dual,20,100,1.0,fedavg,adamw,1,32,concat_product_absdiff,early,learned,none,classifier_head,,
E1_task_performance_hateful_000068,E1_task_performance_hateful,configs/acm_revision/generated/E1_task_performance_hateful/E1_task_performance_hateful_000068.yaml,results/acm_revision/E1_task_performance_hateful/E1_task_performance_hateful_000068,hateful_memes,45,target,text_only,0.8,clip_dual,20,100,1.0,fedavg,adamw,1,32,concat_product_absdiff,early,learned,none,classifier_head,,
E1_task_performance_hateful_000069,E1_task_performance_hateful,configs/acm_revision/generated/E1_task_performance_hateful/E1_task_performance_hateful_000069.yaml,results/acm_revision/E1_task_performance_hateful/E1_task_performance_hateful_000069,hateful_memes,45,target,text_only,0.9,clip_dual,20,100,1.0,fedavg,adamw,1,32,concat_product_absdiff,early,learned,none,classifier_head,,
E1_task_performance_hateful_000070,E1_task_performance_hateful,configs/acm_revision/generated/E1_task_performance_hateful/E1_task_performance_hateful_000070.yaml,results/acm_revision/E1_task_performance_hateful/E1_task_performance_hateful_000070,hateful_memes,45,target,modality_exclusive,0.5,clip_dual,20,100,1.0,fedavg,adamw,1,32,concat_product_absdiff,early,learned,none,classifier_head,,
E1_task_performance_hateful_000071,E1_task_performance_hateful,configs/acm_revision/generated/E1_task_performance_hateful/E1_task_performance_hateful_000071.yaml,results/acm_revision/E1_task_performance_hateful/E1_task_performance_hateful_000071,hateful_memes,45,target,modality_exclusive,0.6,clip_dual,20,100,1.0,fedavg,adamw,1,32,concat_product_absdiff,early,learned,none,classifier_head,,
E1_task_performance_hateful_000072,E1_task_performance_hateful,configs/acm_revision/generated/E1_task_performance_hateful/E1_task_performance_hateful_000072.yaml,results/acm_revision/E1_task_performance_hateful/E1_task_performance_hateful_000072,hateful_memes,45,target,modality_exclusive,0.7,clip_dual,20,100,1.0,fedavg,adamw,1,32,concat_product_absdiff,early,learned,none,classifier_head,,
E1_task_performance_hateful_000073,E1_task_performance_hateful,configs/acm_revision/generated/E1_task_performance_hateful/E1_task_performance_hateful_000073.yaml,results/acm_revision/E1_task_performance_hateful/E1_task_performance_hateful_000073,hateful_memes,45,target,modality_exclusive,0.8,clip_dual,20,100,1.0,fedavg,adamw,1,32,concat_product_absdiff,early,learned,none,classifier_head,,
E1_task_performance_hateful_000074,E1_task_performance_hateful,configs/acm_revision/generated/E1_task_performance_hateful/E1_task_performance_hateful_000074.yaml,results/acm_revision/E1_task_performance_hateful/E1_task_performance_hateful_000074,hateful_memes,45,target,modality_exclusive,0.9,clip_dual,20,100,1.0,fedavg,adamw,1,32,concat_product_absdiff,early,learned,none,classifier_head,,
E1_task_performance_hateful_000075,E1_task_performance_hateful,configs/acm_revision/generated/E1_task_performance_hateful/E1_task_performance_hateful_000075.yaml,results/acm_revision/E1_task_performance_hateful/E1_task_performance_hateful_000075,hateful_memes,45,target,full_multimodal,0.5,clip_dual,20,100,1.0,fedavg,adamw,1,32,concat_product_absdiff,early,learned,none,classifier_head,,
E1_task_performance_hateful_000076,E1_task_performance_hateful,configs/acm_revision/generated/E1_task_performance_hateful/E1_task_performance_hateful_000076.yaml,results/acm_revision/E1_task_performance_hateful/E1_task_performance_hateful_000076,hateful_memes,45,target,full_multimodal,0.6,clip_dual,20,100,1.0,fedavg,adamw,1,32,concat_product_absdiff,early,learned,none,classifier_head,,
E1_task_performance_hateful_000077,E1_task_performance_hateful,configs/acm_revision/generated/E1_task_performance_hateful/E1_task_performance_hateful_000077.yaml,results/acm_revision/E1_task_performance_hateful/E1_task_performance_hateful_000077,hateful_memes,45,target,full_multimodal,0.7,clip_dual,20,100,1.0,fedavg,adamw,1,32,concat_product_absdiff,early,learned,none,classifier_head,,
E1_task_performance_hateful_000078,E1_task_performance_hateful,configs/acm_revision/generated/E1_task_performance_hateful/E1_task_performance_hateful_000078.yaml,results/acm_revision/E1_task_performance_hateful/E1_task_performance_hateful_000078,hateful_memes,45,target,full_multimodal,0.8,clip_dual,20,100,1.0,fedavg,adamw,1,32,concat_product_absdiff,early,learned,none,classifier_head,,
E1_task_performance_hateful_000079,E1_task_performance_hateful,configs/acm_revision/generated/E1_task_performance_hateful/E1_task_performance_hateful_000079.yaml,results/acm_revision/E1_task_performance_hateful/E1_task_performance_hateful_000079,hateful_memes,45,target,full_multimodal,0.9,clip_dual,20,100,1.0,fedavg,adamw,1,32,concat_product_absdiff,early,learned,none,classifier_head,,
E1_task_performance_hateful_000080,E1_task_performance_hateful,configs/acm_revision/generated/E1_task_performance_hateful/E1_task_performance_hateful_000080.yaml,results/acm_revision/E1_task_performance_hateful/E1_task_performance_hateful_000080,hateful_memes,46,target,image_only,0.5,clip_dual,20,100,1.0,fedavg,adamw,1,32,concat_product_absdiff,early,learned,none,classifier_head,,
E1_task_performance_hateful_000081,E1_task_performance_hateful,configs/acm_revision/generated/E1_task_performance_hateful/E1_task_performance_hateful_000081.yaml,results/acm_revision/E1_task_performance_hateful/E1_task_performance_hateful_000081,hateful_memes,46,target,image_only,0.6,clip_dual,20,100,1.0,fedavg,adamw,1,32,concat_product_absdiff,early,learned,none,classifier_head,,
E1_task_performance_hateful_000082,E1_task_performance_hateful,configs/acm_revision/generated/E1_task_performance_hateful/E1_task_performance_hateful_000082.yaml,results/acm_revision/E1_task_performance_hateful/E1_task_performance_hateful_000082,hateful_memes,46,target,image_only,0.7,clip_dual,20,100,1.0,fedavg,adamw,1,32,concat_product_absdiff,early,learned,none,classifier_head,,
E1_task_performance_hateful_000083,E1_task_performance_hateful,configs/acm_revision/generated/E1_task_performance_hateful/E1_task_performance_hateful_000083.yaml,results/acm_revision/E1_task_performance_hateful/E1_task_performance_hateful_000083,hateful_memes,46,target,image_only,0.8,clip_dual,20,100,1.0,fedavg,adamw,1,32,concat_product_absdiff,early,learned,none,classifier_head,,
E1_task_performance_hateful_000084,E1_task_performance_hateful,configs/acm_revision/generated/E1_task_performance_hateful/E1_task_performance_hateful_000084.yaml,results/acm_revision/E1_task_performance_hateful/E1_task_performance_hateful_000084,hateful_memes,46,target,image_only,0.9,clip_dual,20,100,1.0,fedavg,adamw,1,32,concat_product_absdiff,early,learned,none,classifier_head,,
E1_task_performance_hateful_000085,E1_task_performance_hateful,configs/acm_revision/generated/E1_task_performance_hateful/E1_task_performance_hateful_000085.yaml,results/acm_revision/E1_task_performance_hateful/E1_task_performance_hateful_000085,hateful_memes,46,target,text_only,0.5,clip_dual,20,100,1.0,fedavg,adamw,1,32,concat_product_absdiff,early,learned,none,classifier_head,,
E1_task_performance_hateful_000086,E1_task_performance_hateful,configs/acm_revision/generated/E1_task_performance_hateful/E1_task_performance_hateful_000086.yaml,results/acm_revision/E1_task_performance_hateful/E1_task_performance_hateful_000086,hateful_memes,46,target,text_only,0.6,clip_dual,20,100,1.0,fedavg,adamw,1,32,concat_product_absdiff,early,learned,none,classifier_head,,
E1_task_performance_hateful_000087,E1_task_performance_hateful,configs/acm_revision/generated/E1_task_performance_hateful/E1_task_performance_hateful_000087.yaml,results/acm_revision/E1_task_performance_hateful/E1_task_performance_hateful_000087,hateful_memes,46,target,text_only,0.7,clip_dual,20,100,1.0,fedavg,adamw,1,32,concat_product_absdiff,early,learned,none,classifier_head,,
E1_task_performance_hateful_000088,E1_task_performance_hateful,configs/acm_revision/generated/E1_task_performance_hateful/E1_task_performance_hateful_000088.yaml,results/acm_revision/E1_task_performance_hateful/E1_task_performance_hateful_000088,hateful_memes,46,target,text_only,0.8,clip_dual,20,100,1.0,fedavg,adamw,1,32,concat_product_absdiff,early,learned,none,classifier_head,,
E1_task_performance_hateful_000089,E1_task_performance_hateful,configs/acm_revision/generated/E1_task_performance_hateful/E1_task_performance_hateful_000089.yaml,results/acm_revision/E1_task_performance_hateful/E1_task_performance_hateful_000089,hateful_memes,46,target,text_only,0.9,clip_dual,20,100,1.0,fedavg,adamw,1,32,concat_product_absdiff,early,learned,none,classifier_head,,
E1_task_performance_hateful_000090,E1_task_performance_hateful,configs/acm_revision/generated/E1_task_performance_hateful/E1_task_performance_hateful_000090.yaml,results/acm_revision/E1_task_performance_hateful/E1_task_performance_hateful_000090,hateful_memes,46,target,modality_exclusive,0.5,clip_dual,20,100,1.0,fedavg,adamw,1,32,concat_product_absdiff,early,learned,none,classifier_head,,
E1_task_performance_hateful_000091,E1_task_performance_hateful,configs/acm_revision/generated/E1_task_performance_hateful/E1_task_performance_hateful_000091.yaml,results/acm_revision/E1_task_performance_hateful/E1_task_performance_hateful_000091,hateful_memes,46,target,modality_exclusive,0.6,clip_dual,20,100,1.0,fedavg,adamw,1,32,concat_product_absdiff,early,learned,none,classifier_head,,
E1_task_performance_hateful_000092,E1_task_performance_hateful,configs/acm_revision/generated/E1_task_performance_hateful/E1_task_performance_hateful_000092.yaml,results/acm_revision/E1_task_performance_hateful/E1_task_performance_hateful_000092,hateful_memes,46,target,modality_exclusive,0.7,clip_dual,20,100,1.0,fedavg,adamw,1,32,concat_product_absdiff,early,learned,none,classifier_head,,
E1_task_performance_hateful_000093,E1_task_performance_hateful,configs/acm_revision/generated/E1_task_performance_hateful/E1_task_performance_hateful_000093.yaml,results/acm_revision/E1_task_performance_hateful/E1_task_performance_hateful_000093,hateful_memes,46,target,modality_exclusive,0.8,clip_dual,20,100,1.0,fedavg,adamw,1,32,concat_product_absdiff,early,learned,none,classifier_head,,
E1_task_performance_hateful_000094,E1_task_performance_hateful,configs/acm_revision/generated/E1_task_performance_hateful/E1_task_performance_hateful_000094.yaml,results/acm_revision/E1_task_performance_hateful/E1_task_performance_hateful_000094,hateful_memes,46,target,modality_exclusive,0.9,clip_dual,20,100,1.0,fedavg,adamw,1,32,concat_product_absdiff,early,learned,none,classifier_head,,
E1_task_performance_hateful_000095,E1_task_performance_hateful,configs/acm_revision/generated/E1_task_performance_hateful/E1_task_performance_hateful_000095.yaml,results/acm_revision/E1_task_performance_hateful/E1_task_performance_hateful_000095,hateful_memes,46,target,full_multimodal,0.5,clip_dual,20,100,1.0,fedavg,adamw,1,32,concat_product_absdiff,early,learned,none,classifier_head,,
E1_task_performance_hateful_000096,E1_task_performance_hateful,configs/acm_revision/generated/E1_task_performance_hateful/E1_task_performance_hateful_000096.yaml,results/acm_revision/E1_task_performance_hateful/E1_task_performance_hateful_000096,hateful_memes,46,target,full_multimodal,0.6,clip_dual,20,100,1.0,fedavg,adamw,1,32,concat_product_absdiff,early,learned,none,classifier_head,,
E1_task_performance_hateful_000097,E1_task_performance_hateful,configs/acm_revision/generated/E1_task_performance_hateful/E1_task_performance_hateful_000097.yaml,results/acm_revision/E1_task_performance_hateful/E1_task_performance_hateful_000097,hateful_memes,46,target,full_multimodal,0.7,clip_dual,20,100,1.0,fedavg,adamw,1,32,concat_product_absdiff,early,learned,none,classifier_head,,
E1_task_performance_hateful_000098,E1_task_performance_hateful,configs/acm_revision/generated/E1_task_performance_hateful/E1_task_performance_hateful_000098.yaml,results/acm_revision/E1_task_performance_hateful/E1_task_performance_hateful_000098,hateful_memes,46,target,full_multimodal,0.8,clip_dual,20,100,1.0,fedavg,adamw,1,32,concat_product_absdiff,early,learned,none,classifier_head,,
E1_task_performance_hateful_000099,E1_task_performance_hateful,configs/acm_revision/generated/E1_task_performance_hateful/E1_task_performance_hateful_000099.yaml,results/acm_revision/E1_task_performance_hateful/E1_task_performance_hateful_000099,hateful_memes,46,target,full_multimodal,0.9,clip_dual,20,100,1.0,fedavg,adamw,1,32,concat_product_absdiff,early,learned,none,classifier_head,,
E1_task_performance_hateful_000100,E1_task_performance_hateful,configs/acm_revision/generated/E1_task_performance_hateful/E1_task_performance_hateful_000100.yaml,results/acm_revision/E1_task_performance_hateful/E1_task_performance_hateful_000100,hateful_memes,47,target,image_only,0.5,clip_dual,20,100,1.0,fedavg,adamw,1,32,concat_product_absdiff,early,learned,none,classifier_head,,
E1_task_performance_hateful_000101,E1_task_performance_hateful,configs/acm_revision/generated/E1_task_performance_hateful/E1_task_performance_hateful_000101.yaml,results/acm_revision/E1_task_performance_hateful/E1_task_performance_hateful_000101,hateful_memes,47,target,image_only,0.6,clip_dual,20,100,1.0,fedavg,adamw,1,32,concat_product_absdiff,early,learned,none,classifier_head,,
E1_task_performance_hateful_000102,E1_task_performance_hateful,configs/acm_revision/generated/E1_task_performance_hateful/E1_task_performance_hateful_000102.yaml,results/acm_revision/E1_task_performance_hateful/E1_task_performance_hateful_000102,hateful_memes,47,target,image_only,0.7,clip_dual,20,100,1.0,fedavg,adamw,1,32,concat_product_absdiff,early,learned,none,classifier_head,,
E1_task_performance_hateful_000103,E1_task_performance_hateful,configs/acm_revision/generated/E1_task_performance_hateful/E1_task_performance_hateful_000103.yaml,results/acm_revision/E1_task_performance_hateful/E1_task_performance_hateful_000103,hateful_memes,47,target,image_only,0.8,clip_dual,20,100,1.0,fedavg,adamw,1,32,concat_product_absdiff,early,learned,none,classifier_head,,
E1_task_performance_hateful_000104,E1_task_performance_hateful,configs/acm_revision/generated/E1_task_performance_hateful/E1_task_performance_hateful_000104.yaml,results/acm_revision/E1_task_performance_hateful/E1_task_performance_hateful_000104,hateful_memes,47,target,image_only,0.9,clip_dual,20,100,1.0,fedavg,adamw,1,32,concat_product_absdiff,early,learned,none,classifier_head,,
E1_task_performance_hateful_000105,E1_task_performance_hateful,configs/acm_revision/generated/E1_task_performance_hateful/E1_task_performance_hateful_000105.yaml,results/acm_revision/E1_task_performance_hateful/E1_task_performance_hateful_000105,hateful_memes,47,target,text_only,0.5,clip_dual,20,100,1.0,fedavg,adamw,1,32,concat_product_absdiff,early,learned,none,classifier_head,,
E1_task_performance_hateful_000106,E1_task_performance_hateful,configs/acm_revision/generated/E1_task_performance_hateful/E1_task_performance_hateful_000106.yaml,results/acm_revision/E1_task_performance_hateful/E1_task_performance_hateful_000106,hateful_memes,47,target,text_only,0.6,clip_dual,20,100,1.0,fedavg,adamw,1,32,concat_product_absdiff,early,learned,none,classifier_head,,
E1_task_performance_hateful_000107,E1_task_performance_hateful,configs/acm_revision/generated/E1_task_performance_hateful/E1_task_performance_hateful_000107.yaml,results/acm_revision/E1_task_performance_hateful/E1_task_performance_hateful_000107,hateful_memes,47,target,text_only,0.7,clip_dual,20,100,1.0,fedavg,adamw,1,32,concat_product_absdiff,early,learned,none,classifier_head,,
E1_task_performance_hateful_000108,E1_task_performance_hateful,configs/acm_revision/generated/E1_task_performance_hateful/E1_task_performance_hateful_000108.yaml,results/acm_revision/E1_task_performance_hateful/E1_task_performance_hateful_000108,hateful_memes,47,target,text_only,0.8,clip_dual,20,100,1.0,fedavg,adamw,1,32,concat_product_absdiff,early,learned,none,classifier_head,,
E1_task_performance_hateful_000109,E1_task_performance_hateful,configs/acm_revision/generated/E1_task_performance_hateful/E1_task_performance_hateful_000109.yaml,results/acm_revision/E1_task_performance_hateful/E1_task_performance_hateful_000109,hateful_memes,47,target,text_only,0.9,clip_dual,20,100,1.0,fedavg,adamw,1,32,concat_product_absdiff,early,learned,none,classifier_head,,
E1_task_performance_hateful_000110,E1_task_performance_hateful,configs/acm_revision/generated/E1_task_performance_hateful/E1_task_performance_hateful_000110.yaml,results/acm_revision/E1_task_performance_hateful/E1_task_performance_hateful_000110,hateful_memes,47,target,modality_exclusive,0.5,clip_dual,20,100,1.0,fedavg,adamw,1,32,concat_product_absdiff,early,learned,none,classifier_head,,
E1_task_performance_hateful_000111,E1_task_performance_hateful,configs/acm_revision/generated/E1_task_performance_hateful/E1_task_performance_hateful_000111.yaml,results/acm_revision/E1_task_performance_hateful/E1_task_performance_hateful_000111,hateful_memes,47,target,modality_exclusive,0.6,clip_dual,20,100,1.0,fedavg,adamw,1,32,concat_product_absdiff,early,learned,none,classifier_head,,
E1_task_performance_hateful_000112,E1_task_performance_hateful,configs/acm_revision/generated/E1_task_performance_hateful/E1_task_performance_hateful_000112.yaml,results/acm_revision/E1_task_performance_hateful/E1_task_performance_hateful_000112,hateful_memes,47,target,modality_exclusive,0.7,clip_dual,20,100,1.0,fedavg,adamw,1,32,concat_product_absdiff,early,learned,none,classifier_head,,
E1_task_performance_hateful_000113,E1_task_performance_hateful,configs/acm_revision/generated/E1_task_performance_hateful/E1_task_performance_hateful_000113.yaml,results/acm_revision/E1_task_performance_hateful/E1_task_performance_hateful_000113,hateful_memes,47,target,modality_exclusive,0.8,clip_dual,20,100,1.0,fedavg,adamw,1,32,concat_product_absdiff,early,learned,none,classifier_head,,
E1_task_performance_hateful_000114,E1_task_performance_hateful,configs/acm_revision/generated/E1_task_performance_hateful/E1_task_performance_hateful_000114.yaml,results/acm_revision/E1_task_performance_hateful/E1_task_performance_hateful_000114,hateful_memes,47,target,modality_exclusive,0.9,clip_dual,20,100,1.0,fedavg,adamw,1,32,concat_product_absdiff,early,learned,none,classifier_head,,
E1_task_performance_hateful_000115,E1_task_performance_hateful,configs/acm_revision/generated/E1_task_performance_hateful/E1_task_performance_hateful_000115.yaml,results/acm_revision/E1_task_performance_hateful/E1_task_performance_hateful_000115,hateful_memes,47,target,full_multimodal,0.5,clip_dual,20,100,1.0,fedavg,adamw,1,32,concat_product_absdiff,early,learned,none,classifier_head,,
E1_task_performance_hateful_000116,E1_task_performance_hateful,configs/acm_revision/generated/E1_task_performance_hateful/E1_task_performance_hateful_000116.yaml,results/acm_revision/E1_task_performance_hateful/E1_task_performance_hateful_000116,hateful_memes,47,target,full_multimodal,0.6,clip_dual,20,100,1.0,fedavg,adamw,1,32,concat_product_absdiff,early,learned,none,classifier_head,,
E1_task_performance_hateful_000117,E1_task_performance_hateful,configs/acm_revision/generated/E1_task_performance_hateful/E1_task_performance_hateful_000117.yaml,results/acm_revision/E1_task_performance_hateful/E1_task_performance_hateful_000117,hateful_memes,47,target,full_multimodal,0.7,clip_dual,20,100,1.0,fedavg,adamw,1,32,concat_product_absdiff,early,learned,none,classifier_head,,
E1_task_performance_hateful_000118,E1_task_performance_hateful,configs/acm_revision/generated/E1_task_performance_hateful/E1_task_performance_hateful_000118.yaml,results/acm_revision/E1_task_performance_hateful/E1_task_performance_hateful_000118,hateful_memes,47,target,full_multimodal,0.8,clip_dual,20,100,1.0,fedavg,adamw,1,32,concat_product_absdiff,early,learned,none,classifier_head,,
E1_task_performance_hateful_000119,E1_task_performance_hateful,configs/acm_revision/generated/E1_task_performance_hateful/E1_task_performance_hateful_000119.yaml,results/acm_revision/E1_task_performance_hateful/E1_task_performance_hateful_000119,hateful_memes,47,target,full_multimodal,0.9,clip_dual,20,100,1.0,fedavg,adamw,1,32,concat_product_absdiff,early,learned,none,classifier_head,,
E1_task_performance_hateful_000120,E1_task_performance_hateful,configs/acm_revision/generated/E1_task_performance_hateful/E1_task_performance_hateful_000120.yaml,results/acm_revision/E1_task_performance_hateful/E1_task_performance_hateful_000120,hateful_memes,48,target,image_only,0.5,clip_dual,20,100,1.0,fedavg,adamw,1,32,concat_product_absdiff,early,learned,none,classifier_head,,
E1_task_performance_hateful_000121,E1_task_performance_hateful,configs/acm_revision/generated/E1_task_performance_hateful/E1_task_performance_hateful_000121.yaml,results/acm_revision/E1_task_performance_hateful/E1_task_performance_hateful_000121,hateful_memes,48,target,image_only,0.6,clip_dual,20,100,1.0,fedavg,adamw,1,32,concat_product_absdiff,early,learned,none,classifier_head,,
E1_task_performance_hateful_000122,E1_task_performance_hateful,configs/acm_revision/generated/E1_task_performance_hateful/E1_task_performance_hateful_000122.yaml,results/acm_revision/E1_task_performance_hateful/E1_task_performance_hateful_000122,hateful_memes,48,target,image_only,0.7,clip_dual,20,100,1.0,fedavg,adamw,1,32,concat_product_absdiff,early,learned,none,classifier_head,,
E1_task_performance_hateful_000123,E1_task_performance_hateful,configs/acm_revision/generated/E1_task_performance_hateful/E1_task_performance_hateful_000123.yaml,results/acm_revision/E1_task_performance_hateful/E1_task_performance_hateful_000123,hateful_memes,48,target,image_only,0.8,clip_dual,20,100,1.0,fedavg,adamw,1,32,concat_product_absdiff,early,learned,none,classifier_head,,
E1_task_performance_hateful_000124,E1_task_performance_hateful,configs/acm_revision/generated/E1_task_performance_hateful/E1_task_performance_hateful_000124.yaml,results/acm_revision/E1_task_performance_hateful/E1_task_performance_hateful_000124,hateful_memes,48,target,image_only,0.9,clip_dual,20,100,1.0,fedavg,adamw,1,32,concat_product_absdiff,early,learned,none,classifier_head,,
E1_task_performance_hateful_000125,E1_task_performance_hateful,configs/acm_revision/generated/E1_task_performance_hateful/E1_task_performance_hateful_000125.yaml,results/acm_revision/E1_task_performance_hateful/E1_task_performance_hateful_000125,hateful_memes,48,target,text_only,0.5,clip_dual,20,100,1.0,fedavg,adamw,1,32,concat_product_absdiff,early,learned,none,classifier_head,,
E1_task_performance_hateful_000126,E1_task_performance_hateful,configs/acm_revision/generated/E1_task_performance_hateful/E1_task_performance_hateful_000126.yaml,results/acm_revision/E1_task_performance_hateful/E1_task_performance_hateful_000126,hateful_memes,48,target,text_only,0.6,clip_dual,20,100,1.0,fedavg,adamw,1,32,concat_product_absdiff,early,learned,none,classifier_head,,
E1_task_performance_hateful_000127,E1_task_performance_hateful,configs/acm_revision/generated/E1_task_performance_hateful/E1_task_performance_hateful_000127.yaml,results/acm_revision/E1_task_performance_hateful/E1_task_performance_hateful_000127,hateful_memes,48,target,text_only,0.7,clip_dual,20,100,1.0,fedavg,adamw,1,32,concat_product_absdiff,early,learned,none,classifier_head,,
E1_task_performance_hateful_000128,E1_task_performance_hateful,configs/acm_revision/generated/E1_task_performance_hateful/E1_task_performance_hateful_000128.yaml,results/acm_revision/E1_task_performance_hateful/E1_task_performance_hateful_000128,hateful_memes,48,target,text_only,0.8,clip_dual,20,100,1.0,fedavg,adamw,1,32,concat_product_absdiff,early,learned,none,classifier_head,,
E1_task_performance_hateful_000129,E1_task_performance_hateful,configs/acm_revision/generated/E1_task_performance_hateful/E1_task_performance_hateful_000129.yaml,results/acm_revision/E1_task_performance_hateful/E1_task_performance_hateful_000129,hateful_memes,48,target,text_only,0.9,clip_dual,20,100,1.0,fedavg,adamw,1,32,concat_product_absdiff,early,learned,none,classifier_head,,
E1_task_performance_hateful_000130,E1_task_performance_hateful,configs/acm_revision/generated/E1_task_performance_hateful/E1_task_performance_hateful_000130.yaml,results/acm_revision/E1_task_performance_hateful/E1_task_performance_hateful_000130,hateful_memes,48,target,modality_exclusive,0.5,clip_dual,20,100,1.0,fedavg,adamw,1,32,concat_product_absdiff,early,learned,none,classifier_head,,
E1_task_performance_hateful_000131,E1_task_performance_hateful,configs/acm_revision/generated/E1_task_performance_hateful/E1_task_performance_hateful_000131.yaml,results/acm_revision/E1_task_performance_hateful/E1_task_performance_hateful_000131,hateful_memes,48,target,modality_exclusive,0.6,clip_dual,20,100,1.0,fedavg,adamw,1,32,concat_product_absdiff,early,learned,none,classifier_head,,
E1_task_performance_hateful_000132,E1_task_performance_hateful,configs/acm_revision/generated/E1_task_performance_hateful/E1_task_performance_hateful_000132.yaml,results/acm_revision/E1_task_performance_hateful/E1_task_performance_hateful_000132,hateful_memes,48,target,modality_exclusive,0.7,clip_dual,20,100,1.0,fedavg,adamw,1,32,concat_product_absdiff,early,learned,none,classifier_head,,
E1_task_performance_hateful_000133,E1_task_performance_hateful,configs/acm_revision/generated/E1_task_performance_hateful/E1_task_performance_hateful_000133.yaml,results/acm_revision/E1_task_performance_hateful/E1_task_performance_hateful_000133,hateful_memes,48,target,modality_exclusive,0.8,clip_dual,20,100,1.0,fedavg,adamw,1,32,concat_product_absdiff,early,learned,none,classifier_head,,
E1_task_performance_hateful_000134,E1_task_performance_hateful,configs/acm_revision/generated/E1_task_performance_hateful/E1_task_performance_hateful_000134.yaml,results/acm_revision/E1_task_performance_hateful/E1_task_performance_hateful_000134,hateful_memes,48,target,modality_exclusive,0.9,clip_dual,20,100,1.0,fedavg,adamw,1,32,concat_product_absdiff,early,learned,none,classifier_head,,
E1_task_performance_hateful_000135,E1_task_performance_hateful,configs/acm_revision/generated/E1_task_performance_hateful/E1_task_performance_hateful_000135.yaml,results/acm_revision/E1_task_performance_hateful/E1_task_performance_hateful_000135,hateful_memes,48,target,full_multimodal,0.5,clip_dual,20,100,1.0,fedavg,adamw,1,32,concat_product_absdiff,early,learned,none,classifier_head,,
E1_task_performance_hateful_000136,E1_task_performance_hateful,configs/acm_revision/generated/E1_task_performance_hateful/E1_task_performance_hateful_000136.yaml,results/acm_revision/E1_task_performance_hateful/E1_task_performance_hateful_000136,hateful_memes,48,target,full_multimodal,0.6,clip_dual,20,100,1.0,fedavg,adamw,1,32,concat_product_absdiff,early,learned,none,classifier_head,,
E1_task_performance_hateful_000137,E1_task_performance_hateful,configs/acm_revision/generated/E1_task_performance_hateful/E1_task_performance_hateful_000137.yaml,results/acm_revision/E1_task_performance_hateful/E1_task_performance_hateful_000137,hateful_memes,48,target,full_multimodal,0.7,clip_dual,20,100,1.0,fedavg,adamw,1,32,concat_product_absdiff,early,learned,none,classifier_head,,
E1_task_performance_hateful_000138,E1_task_performance_hateful,configs/acm_revision/generated/E1_task_performance_hateful/E1_task_performance_hateful_000138.yaml,results/acm_revision/E1_task_performance_hateful/E1_task_performance_hateful_000138,hateful_memes,48,target,full_multimodal,0.8,clip_dual,20,100,1.0,fedavg,adamw,1,32,concat_product_absdiff,early,learned,none,classifier_head,,
E1_task_performance_hateful_000139,E1_task_performance_hateful,configs/acm_revision/generated/E1_task_performance_hateful/E1_task_performance_hateful_000139.yaml,results/acm_revision/E1_task_performance_hateful/E1_task_performance_hateful_000139,hateful_memes,48,target,full_multimodal,0.9,clip_dual,20,100,1.0,fedavg,adamw,1,32,concat_product_absdiff,early,learned,none,classifier_head,,
E1_task_performance_hateful_000140,E1_task_performance_hateful,configs/acm_revision/generated/E1_task_performance_hateful/E1_task_performance_hateful_000140.yaml,results/acm_revision/E1_task_performance_hateful/E1_task_performance_hateful_000140,hateful_memes,49,target,image_only,0.5,clip_dual,20,100,1.0,fedavg,adamw,1,32,concat_product_absdiff,early,learned,none,classifier_head,,
E1_task_performance_hateful_000141,E1_task_performance_hateful,configs/acm_revision/generated/E1_task_performance_hateful/E1_task_performance_hateful_000141.yaml,results/acm_revision/E1_task_performance_hateful/E1_task_performance_hateful_000141,hateful_memes,49,target,image_only,0.6,clip_dual,20,100,1.0,fedavg,adamw,1,32,concat_product_absdiff,early,learned,none,classifier_head,,
E1_task_performance_hateful_000142,E1_task_performance_hateful,configs/acm_revision/generated/E1_task_performance_hateful/E1_task_performance_hateful_000142.yaml,results/acm_revision/E1_task_performance_hateful/E1_task_performance_hateful_000142,hateful_memes,49,target,image_only,0.7,clip_dual,20,100,1.0,fedavg,adamw,1,32,concat_product_absdiff,early,learned,none,classifier_head,,
E1_task_performance_hateful_000143,E1_task_performance_hateful,configs/acm_revision/generated/E1_task_performance_hateful/E1_task_performance_hateful_000143.yaml,results/acm_revision/E1_task_performance_hateful/E1_task_performance_hateful_000143,hateful_memes,49,target,image_only,0.8,clip_dual,20,100,1.0,fedavg,adamw,1,32,concat_product_absdiff,early,learned,none,classifier_head,,
E1_task_performance_hateful_000144,E1_task_performance_hateful,configs/acm_revision/generated/E1_task_performance_hateful/E1_task_performance_hateful_000144.yaml,results/acm_revision/E1_task_performance_hateful/E1_task_performance_hateful_000144,hateful_memes,49,target,image_only,0.9,clip_dual,20,100,1.0,fedavg,adamw,1,32,concat_product_absdiff,early,learned,none,classifier_head,,
E1_task_performance_hateful_000145,E1_task_performance_hateful,configs/acm_revision/generated/E1_task_performance_hateful/E1_task_performance_hateful_000145.yaml,results/acm_revision/E1_task_performance_hateful/E1_task_performance_hateful_000145,hateful_memes,49,target,text_only,0.5,clip_dual,20,100,1.0,fedavg,adamw,1,32,concat_product_absdiff,early,learned,none,classifier_head,,
E1_task_performance_hateful_000146,E1_task_performance_hateful,configs/acm_revision/generated/E1_task_performance_hateful/E1_task_performance_hateful_000146.yaml,results/acm_revision/E1_task_performance_hateful/E1_task_performance_hateful_000146,hateful_memes,49,target,text_only,0.6,clip_dual,20,100,1.0,fedavg,adamw,1,32,concat_product_absdiff,early,learned,none,classifier_head,,
E1_task_performance_hateful_000147,E1_task_performance_hateful,configs/acm_revision/generated/E1_task_performance_hateful/E1_task_performance_hateful_000147.yaml,results/acm_revision/E1_task_performance_hateful/E1_task_performance_hateful_000147,hateful_memes,49,target,text_only,0.7,clip_dual,20,100,1.0,fedavg,adamw,1,32,concat_product_absdiff,early,learned,none,classifier_head,,
E1_task_performance_hateful_000148,E1_task_performance_hateful,configs/acm_revision/generated/E1_task_performance_hateful/E1_task_performance_hateful_000148.yaml,results/acm_revision/E1_task_performance_hateful/E1_task_performance_hateful_000148,hateful_memes,49,target,text_only,0.8,clip_dual,20,100,1.0,fedavg,adamw,1,32,concat_product_absdiff,early,learned,none,classifier_head,,
E1_task_performance_hateful_000149,E1_task_performance_hateful,configs/acm_revision/generated/E1_task_performance_hateful/E1_task_performance_hateful_000149.yaml,results/acm_revision/E1_task_performance_hateful/E1_task_performance_hateful_000149,hateful_memes,49,target,text_only,0.9,clip_dual,20,100,1.0,fedavg,adamw,1,32,concat_product_absdiff,early,learned,none,classifier_head,,
E1_task_performance_hateful_000150,E1_task_performance_hateful,configs/acm_revision/generated/E1_task_performance_hateful/E1_task_performance_hateful_000150.yaml,results/acm_revision/E1_task_performance_hateful/E1_task_performance_hateful_000150,hateful_memes,49,target,modality_exclusive,0.5,clip_dual,20,100,1.0,fedavg,adamw,1,32,concat_product_absdiff,early,learned,none,classifier_head,,
E1_task_performance_hateful_000151,E1_task_performance_hateful,configs/acm_revision/generated/E1_task_performance_hateful/E1_task_performance_hateful_000151.yaml,results/acm_revision/E1_task_performance_hateful/E1_task_performance_hateful_000151,hateful_memes,49,target,modality_exclusive,0.6,clip_dual,20,100,1.0,fedavg,adamw,1,32,concat_product_absdiff,early,learned,none,classifier_head,,
E1_task_performance_hateful_000152,E1_task_performance_hateful,configs/acm_revision/generated/E1_task_performance_hateful/E1_task_performance_hateful_000152.yaml,results/acm_revision/E1_task_performance_hateful/E1_task_performance_hateful_000152,hateful_memes,49,target,modality_exclusive,0.7,clip_dual,20,100,1.0,fedavg,adamw,1,32,concat_product_absdiff,early,learned,none,classifier_head,,
E1_task_performance_hateful_000153,E1_task_performance_hateful,configs/acm_revision/generated/E1_task_performance_hateful/E1_task_performance_hateful_000153.yaml,results/acm_revision/E1_task_performance_hateful/E1_task_performance_hateful_000153,hateful_memes,49,target,modality_exclusive,0.8,clip_dual,20,100,1.0,fedavg,adamw,1,32,concat_product_absdiff,early,learned,none,classifier_head,,
E1_task_performance_hateful_000154,E1_task_performance_hateful,configs/acm_revision/generated/E1_task_performance_hateful/E1_task_performance_hateful_000154.yaml,results/acm_revision/E1_task_performance_hateful/E1_task_performance_hateful_000154,hateful_memes,49,target,modality_exclusive,0.9,clip_dual,20,100,1.0,fedavg,adamw,1,32,concat_product_absdiff,early,learned,none,classifier_head,,
E1_task_performance_hateful_000155,E1_task_performance_hateful,configs/acm_revision/generated/E1_task_performance_hateful/E1_task_performance_hateful_000155.yaml,results/acm_revision/E1_task_performance_hateful/E1_task_performance_hateful_000155,hateful_memes,49,target,full_multimodal,0.5,clip_dual,20,100,1.0,fedavg,adamw,1,32,concat_product_absdiff,early,learned,none,classifier_head,,
E1_task_performance_hateful_000156,E1_task_performance_hateful,configs/acm_revision/generated/E1_task_performance_hateful/E1_task_performance_hateful_000156.yaml,results/acm_revision/E1_task_performance_hateful/E1_task_performance_hateful_000156,hateful_memes,49,target,full_multimodal,0.6,clip_dual,20,100,1.0,fedavg,adamw,1,32,concat_product_absdiff,early,learned,none,classifier_head,,
E1_task_performance_hateful_000157,E1_task_performance_hateful,configs/acm_revision/generated/E1_task_performance_hateful/E1_task_performance_hateful_000157.yaml,results/acm_revision/E1_task_performance_hateful/E1_task_performance_hateful_000157,hateful_memes,49,target,full_multimodal,0.7,clip_dual,20,100,1.0,fedavg,adamw,1,32,concat_product_absdiff,early,learned,none,classifier_head,,
E1_task_performance_hateful_000158,E1_task_performance_hateful,configs/acm_revision/generated/E1_task_performance_hateful/E1_task_performance_hateful_000158.yaml,results/acm_revision/E1_task_performance_hateful/E1_task_performance_hateful_000158,hateful_memes,49,target,full_multimodal,0.8,clip_dual,20,100,1.0,fedavg,adamw,1,32,concat_product_absdiff,early,learned,none,classifier_head,,
E1_task_performance_hateful_000159,E1_task_performance_hateful,configs/acm_revision/generated/E1_task_performance_hateful/E1_task_performance_hateful_000159.yaml,results/acm_revision/E1_task_performance_hateful/E1_task_performance_hateful_000159,hateful_memes,49,target,full_multimodal,0.9,clip_dual,20,100,1.0,fedavg,adamw,1,32,concat_product_absdiff,early,learned,none,classifier_head,,
E1_task_performance_hateful_000160,E1_task_performance_hateful,configs/acm_revision/generated/E1_task_performance_hateful/E1_task_performance_hateful_000160.yaml,results/acm_revision/E1_task_performance_hateful/E1_task_performance_hateful_000160,hateful_memes,50,target,image_only,0.5,clip_dual,20,100,1.0,fedavg,adamw,1,32,concat_product_absdiff,early,learned,none,classifier_head,,
E1_task_performance_hateful_000161,E1_task_performance_hateful,configs/acm_revision/generated/E1_task_performance_hateful/E1_task_performance_hateful_000161.yaml,results/acm_revision/E1_task_performance_hateful/E1_task_performance_hateful_000161,hateful_memes,50,target,image_only,0.6,clip_dual,20,100,1.0,fedavg,adamw,1,32,concat_product_absdiff,early,learned,none,classifier_head,,
E1_task_performance_hateful_000162,E1_task_performance_hateful,configs/acm_revision/generated/E1_task_performance_hateful/E1_task_performance_hateful_000162.yaml,results/acm_revision/E1_task_performance_hateful/E1_task_performance_hateful_000162,hateful_memes,50,target,image_only,0.7,clip_dual,20,100,1.0,fedavg,adamw,1,32,concat_product_absdiff,early,learned,none,classifier_head,,
E1_task_performance_hateful_000163,E1_task_performance_hateful,configs/acm_revision/generated/E1_task_performance_hateful/E1_task_performance_hateful_000163.yaml,results/acm_revision/E1_task_performance_hateful/E1_task_performance_hateful_000163,hateful_memes,50,target,image_only,0.8,clip_dual,20,100,1.0,fedavg,adamw,1,32,concat_product_absdiff,early,learned,none,classifier_head,,
E1_task_performance_hateful_000164,E1_task_performance_hateful,configs/acm_revision/generated/E1_task_performance_hateful/E1_task_performance_hateful_000164.yaml,results/acm_revision/E1_task_performance_hateful/E1_task_performance_hateful_000164,hateful_memes,50,target,image_only,0.9,clip_dual,20,100,1.0,fedavg,adamw,1,32,concat_product_absdiff,early,learned,none,classifier_head,,
E1_task_performance_hateful_000165,E1_task_performance_hateful,configs/acm_revision/generated/E1_task_performance_hateful/E1_task_performance_hateful_000165.yaml,results/acm_revision/E1_task_performance_hateful/E1_task_performance_hateful_000165,hateful_memes,50,target,text_only,0.5,clip_dual,20,100,1.0,fedavg,adamw,1,32,concat_product_absdiff,early,learned,none,classifier_head,,
E1_task_performance_hateful_000166,E1_task_performance_hateful,configs/acm_revision/generated/E1_task_performance_hateful/E1_task_performance_hateful_000166.yaml,results/acm_revision/E1_task_performance_hateful/E1_task_performance_hateful_000166,hateful_memes,50,target,text_only,0.6,clip_dual,20,100,1.0,fedavg,adamw,1,32,concat_product_absdiff,early,learned,none,classifier_head,,
E1_task_performance_hateful_000167,E1_task_performance_hateful,configs/acm_revision/generated/E1_task_performance_hateful/E1_task_performance_hateful_000167.yaml,results/acm_revision/E1_task_performance_hateful/E1_task_performance_hateful_000167,hateful_memes,50,target,text_only,0.7,clip_dual,20,100,1.0,fedavg,adamw,1,32,concat_product_absdiff,early,learned,none,classifier_head,,
E1_task_performance_hateful_000168,E1_task_performance_hateful,configs/acm_revision/generated/E1_task_performance_hateful/E1_task_performance_hateful_000168.yaml,results/acm_revision/E1_task_performance_hateful/E1_task_performance_hateful_000168,hateful_memes,50,target,text_only,0.8,clip_dual,20,100,1.0,fedavg,adamw,1,32,concat_product_absdiff,early,learned,none,classifier_head,,
E1_task_performance_hateful_000169,E1_task_performance_hateful,configs/acm_revision/generated/E1_task_performance_hateful/E1_task_performance_hateful_000169.yaml,results/acm_revision/E1_task_performance_hateful/E1_task_performance_hateful_000169,hateful_memes,50,target,text_only,0.9,clip_dual,20,100,1.0,fedavg,adamw,1,32,concat_product_absdiff,early,learned,none,classifier_head,,
E1_task_performance_hateful_000170,E1_task_performance_hateful,configs/acm_revision/generated/E1_task_performance_hateful/E1_task_performance_hateful_000170.yaml,results/acm_revision/E1_task_performance_hateful/E1_task_performance_hateful_000170,hateful_memes,50,target,modality_exclusive,0.5,clip_dual,20,100,1.0,fedavg,adamw,1,32,concat_product_absdiff,early,learned,none,classifier_head,,
E1_task_performance_hateful_000171,E1_task_performance_hateful,configs/acm_revision/generated/E1_task_performance_hateful/E1_task_performance_hateful_000171.yaml,results/acm_revision/E1_task_performance_hateful/E1_task_performance_hateful_000171,hateful_memes,50,target,modality_exclusive,0.6,clip_dual,20,100,1.0,fedavg,adamw,1,32,concat_product_absdiff,early,learned,none,classifier_head,,
E1_task_performance_hateful_000172,E1_task_performance_hateful,configs/acm_revision/generated/E1_task_performance_hateful/E1_task_performance_hateful_000172.yaml,results/acm_revision/E1_task_performance_hateful/E1_task_performance_hateful_000172,hateful_memes,50,target,modality_exclusive,0.7,clip_dual,20,100,1.0,fedavg,adamw,1,32,concat_product_absdiff,early,learned,none,classifier_head,,
E1_task_performance_hateful_000173,E1_task_performance_hateful,configs/acm_revision/generated/E1_task_performance_hateful/E1_task_performance_hateful_000173.yaml,results/acm_revision/E1_task_performance_hateful/E1_task_performance_hateful_000173,hateful_memes,50,target,modality_exclusive,0.8,clip_dual,20,100,1.0,fedavg,adamw,1,32,concat_product_absdiff,early,learned,none,classifier_head,,
E1_task_performance_hateful_000174,E1_task_performance_hateful,configs/acm_revision/generated/E1_task_performance_hateful/E1_task_performance_hateful_000174.yaml,results/acm_revision/E1_task_performance_hateful/E1_task_performance_hateful_000174,hateful_memes,50,target,modality_exclusive,0.9,clip_dual,20,100,1.0,fedavg,adamw,1,32,concat_product_absdiff,early,learned,none,classifier_head,,
E1_task_performance_hateful_000175,E1_task_performance_hateful,configs/acm_revision/generated/E1_task_performance_hateful/E1_task_performance_hateful_000175.yaml,results/acm_revision/E1_task_performance_hateful/E1_task_performance_hateful_000175,hateful_memes,50,target,full_multimodal,0.5,clip_dual,20,100,1.0,fedavg,adamw,1,32,concat_product_absdiff,early,learned,none,classifier_head,,
E1_task_performance_hateful_000176,E1_task_performance_hateful,configs/acm_revision/generated/E1_task_performance_hateful/E1_task_performance_hateful_000176.yaml,results/acm_revision/E1_task_performance_hateful/E1_task_performance_hateful_000176,hateful_memes,50,target,full_multimodal,0.6,clip_dual,20,100,1.0,fedavg,adamw,1,32,concat_product_absdiff,early,learned,none,classifier_head,,
E1_task_performance_hateful_000177,E1_task_performance_hateful,configs/acm_revision/generated/E1_task_performance_hateful/E1_task_performance_hateful_000177.yaml,results/acm_revision/E1_task_performance_hateful/E1_task_performance_hateful_000177,hateful_memes,50,target,full_multimodal,0.7,clip_dual,20,100,1.0,fedavg,adamw,1,32,concat_product_absdiff,early,learned,none,classifier_head,,
E1_task_performance_hateful_000178,E1_task_performance_hateful,configs/acm_revision/generated/E1_task_performance_hateful/E1_task_performance_hateful_000178.yaml,results/acm_revision/E1_task_performance_hateful/E1_task_performance_hateful_000178,hateful_memes,50,target,full_multimodal,0.8,clip_dual,20,100,1.0,fedavg,adamw,1,32,concat_product_absdiff,early,learned,none,classifier_head,,
E1_task_performance_hateful_000179,E1_task_performance_hateful,configs/acm_revision/generated/E1_task_performance_hateful/E1_task_performance_hateful_000179.yaml,results/acm_revision/E1_task_performance_hateful/E1_task_performance_hateful_000179,hateful_memes,50,target,full_multimodal,0.9,clip_dual,20,100,1.0,fedavg,adamw,1,32,concat_product_absdiff,early,learned,none,classifier_head,,
E1_task_performance_hateful_000180,E1_task_performance_hateful,configs/acm_revision/generated/E1_task_performance_hateful/E1_task_performance_hateful_000180.yaml,results/acm_revision/E1_task_performance_hateful/E1_task_performance_hateful_000180,hateful_memes,51,target,image_only,0.5,clip_dual,20,100,1.0,fedavg,adamw,1,32,concat_product_absdiff,early,learned,none,classifier_head,,
E1_task_performance_hateful_000181,E1_task_performance_hateful,configs/acm_revision/generated/E1_task_performance_hateful/E1_task_performance_hateful_000181.yaml,results/acm_revision/E1_task_performance_hateful/E1_task_performance_hateful_000181,hateful_memes,51,target,image_only,0.6,clip_dual,20,100,1.0,fedavg,adamw,1,32,concat_product_absdiff,early,learned,none,classifier_head,,
E1_task_performance_hateful_000182,E1_task_performance_hateful,configs/acm_revision/generated/E1_task_performance_hateful/E1_task_performance_hateful_000182.yaml,results/acm_revision/E1_task_performance_hateful/E1_task_performance_hateful_000182,hateful_memes,51,target,image_only,0.7,clip_dual,20,100,1.0,fedavg,adamw,1,32,concat_product_absdiff,early,learned,none,classifier_head,,
E1_task_performance_hateful_000183,E1_task_performance_hateful,configs/acm_revision/generated/E1_task_performance_hateful/E1_task_performance_hateful_000183.yaml,results/acm_revision/E1_task_performance_hateful/E1_task_performance_hateful_000183,hateful_memes,51,target,image_only,0.8,clip_dual,20,100,1.0,fedavg,adamw,1,32,concat_product_absdiff,early,learned,none,classifier_head,,
E1_task_performance_hateful_000184,E1_task_performance_hateful,configs/acm_revision/generated/E1_task_performance_hateful/E1_task_performance_hateful_000184.yaml,results/acm_revision/E1_task_performance_hateful/E1_task_performance_hateful_000184,hateful_memes,51,target,image_only,0.9,clip_dual,20,100,1.0,fedavg,adamw,1,32,concat_product_absdiff,early,learned,none,classifier_head,,
E1_task_performance_hateful_000185,E1_task_performance_hateful,configs/acm_revision/generated/E1_task_performance_hateful/E1_task_performance_hateful_000185.yaml,results/acm_revision/E1_task_performance_hateful/E1_task_performance_hateful_000185,hateful_memes,51,target,text_only,0.5,clip_dual,20,100,1.0,fedavg,adamw,1,32,concat_product_absdiff,early,learned,none,classifier_head,,
E1_task_performance_hateful_000186,E1_task_performance_hateful,configs/acm_revision/generated/E1_task_performance_hateful/E1_task_performance_hateful_000186.yaml,results/acm_revision/E1_task_performance_hateful/E1_task_performance_hateful_000186,hateful_memes,51,target,text_only,0.6,clip_dual,20,100,1.0,fedavg,adamw,1,32,concat_product_absdiff,early,learned,none,classifier_head,,
E1_task_performance_hateful_000187,E1_task_performance_hateful,configs/acm_revision/generated/E1_task_performance_hateful/E1_task_performance_hateful_000187.yaml,results/acm_revision/E1_task_performance_hateful/E1_task_performance_hateful_000187,hateful_memes,51,target,text_only,0.7,clip_dual,20,100,1.0,fedavg,adamw,1,32,concat_product_absdiff,early,learned,none,classifier_head,,
E1_task_performance_hateful_000188,E1_task_performance_hateful,configs/acm_revision/generated/E1_task_performance_hateful/E1_task_performance_hateful_000188.yaml,results/acm_revision/E1_task_performance_hateful/E1_task_performance_hateful_000188,hateful_memes,51,target,text_only,0.8,clip_dual,20,100,1.0,fedavg,adamw,1,32,concat_product_absdiff,early,learned,none,classifier_head,,
E1_task_performance_hateful_000189,E1_task_performance_hateful,configs/acm_revision/generated/E1_task_performance_hateful/E1_task_performance_hateful_000189.yaml,results/acm_revision/E1_task_performance_hateful/E1_task_performance_hateful_000189,hateful_memes,51,target,text_only,0.9,clip_dual,20,100,1.0,fedavg,adamw,1,32,concat_product_absdiff,early,learned,none,classifier_head,,
E1_task_performance_hateful_000190,E1_task_performance_hateful,configs/acm_revision/generated/E1_task_performance_hateful/E1_task_performance_hateful_000190.yaml,results/acm_revision/E1_task_performance_hateful/E1_task_performance_hateful_000190,hateful_memes,51,target,modality_exclusive,0.5,clip_dual,20,100,1.0,fedavg,adamw,1,32,concat_product_absdiff,early,learned,none,classifier_head,,
E1_task_performance_hateful_000191,E1_task_performance_hateful,configs/acm_revision/generated/E1_task_performance_hateful/E1_task_performance_hateful_000191.yaml,results/acm_revision/E1_task_performance_hateful/E1_task_performance_hateful_000191,hateful_memes,51,target,modality_exclusive,0.6,clip_dual,20,100,1.0,fedavg,adamw,1,32,concat_product_absdiff,early,learned,none,classifier_head,,
E1_task_performance_hateful_000192,E1_task_performance_hateful,configs/acm_revision/generated/E1_task_performance_hateful/E1_task_performance_hateful_000192.yaml,results/acm_revision/E1_task_performance_hateful/E1_task_performance_hateful_000192,hateful_memes,51,target,modality_exclusive,0.7,clip_dual,20,100,1.0,fedavg,adamw,1,32,concat_product_absdiff,early,learned,none,classifier_head,,
E1_task_performance_hateful_000193,E1_task_performance_hateful,configs/acm_revision/generated/E1_task_performance_hateful/E1_task_performance_hateful_000193.yaml,results/acm_revision/E1_task_performance_hateful/E1_task_performance_hateful_000193,hateful_memes,51,target,modality_exclusive,0.8,clip_dual,20,100,1.0,fedavg,adamw,1,32,concat_product_absdiff,early,learned,none,classifier_head,,
E1_task_performance_hateful_000194,E1_task_performance_hateful,configs/acm_revision/generated/E1_task_performance_hateful/E1_task_performance_hateful_000194.yaml,results/acm_revision/E1_task_performance_hateful/E1_task_performance_hateful_000194,hateful_memes,51,target,modality_exclusive,0.9,clip_dual,20,100,1.0,fedavg,adamw,1,32,concat_product_absdiff,early,learned,none,classifier_head,,
E1_task_performance_hateful_000195,E1_task_performance_hateful,configs/acm_revision/generated/E1_task_performance_hateful/E1_task_performance_hateful_000195.yaml,results/acm_revision/E1_task_performance_hateful/E1_task_performance_hateful_000195,hateful_memes,51,target,full_multimodal,0.5,clip_dual,20,100,1.0,fedavg,adamw,1,32,concat_product_absdiff,early,learned,none,classifier_head,,
E1_task_performance_hateful_000196,E1_task_performance_hateful,configs/acm_revision/generated/E1_task_performance_hateful/E1_task_performance_hateful_000196.yaml,results/acm_revision/E1_task_performance_hateful/E1_task_performance_hateful_000196,hateful_memes,51,target,full_multimodal,0.6,clip_dual,20,100,1.0,fedavg,adamw,1,32,concat_product_absdiff,early,learned,none,classifier_head,,
E1_task_performance_hateful_000197,E1_task_performance_hateful,configs/acm_revision/generated/E1_task_performance_hateful/E1_task_performance_hateful_000197.yaml,results/acm_revision/E1_task_performance_hateful/E1_task_performance_hateful_000197,hateful_memes,51,target,full_multimodal,0.7,clip_dual,20,100,1.0,fedavg,adamw,1,32,concat_product_absdiff,early,learned,none,classifier_head,,
E1_task_performance_hateful_000198,E1_task_performance_hateful,configs/acm_revision/generated/E1_task_performance_hateful/E1_task_performance_hateful_000198.yaml,results/acm_revision/E1_task_performance_hateful/E1_task_performance_hateful_000198,hateful_memes,51,target,full_multimodal,0.8,clip_dual,20,100,1.0,fedavg,adamw,1,32,concat_product_absdiff,early,learned,none,classifier_head,,
E1_task_performance_hateful_000199,E1_task_performance_hateful,configs/acm_revision/generated/E1_task_performance_hateful/E1_task_performance_hateful_000199.yaml,results/acm_revision/E1_task_performance_hateful/E1_task_performance_hateful_000199,hateful_memes,51,target,full_multimodal,0.9,clip_dual,20,100,1.0,fedavg,adamw,1,32,concat_product_absdiff,early,learned,none,classifier_head,,
